survey_id,branch,teller,score,comment,timestamp,official_treatment,has_text,sentiment_status,sentiment_label,positive_themes,negative_themes,resolution,interpretation_status,scorecard_before_pct,scorecard_after_pct,scorecard_delta_pp,tier_before,tier_after,tier_crossed,conflict_flag,needs_human_review,reason
s0040,uptown,teller_14,7,"Perfect visit, fast and courteous.",2026-02-10T11:00:00,FAIL,True,available,strongly_positive,professionalism;responsiveness,,unknown,score_comment_conflict,46.67,43.75,-2.92,none,none,False,True,True,"Scorecard interpretation conflict: the score of 7/10 is officially a FAIL — it does not count toward the branch scorecard — but the customer's written feedback is positive (strongly_positive), states no service failure, and reports the need unknown. Treating this survey as evidence of poor service is not supported by the survey's own written evidence. Human review recommended. This tool does not change scores and does not decide bonuses, promotions, discipline, raises, or performance ratings."
s0004,downtown,teller_05,9,"Perfect visit, fast and courteous.",2026-01-11T15:00:00,PASS,True,available,strongly_positive,professionalism;responsiveness,,unknown,consistent_with_official_treatment,100.0,100.0,0.0,gold,gold,False,False,False,The written feedback (strongly_positive) agrees with the official PASS treatment of the 9/10 score.
s0015,downtown,teller_02,10,"Very satisfied, everything was handled efficiently.",2026-01-31T01:00:00,PASS,True,available,positive,responsiveness,,unknown,consistent_with_official_treatment,92.86,93.33,0.48,silver,silver,False,False,False,The written feedback (positive) agrees with the official PASS treatment of the 10/10 score.
s0045,uptown,teller_12,9,"Perfect visit, fast and courteous.",2026-02-19T08:00:00,PASS,True,available,strongly_positive,professionalism;responsiveness,,unknown,consistent_with_official_treatment,50.0,52.38,2.38,none,none,False,False,False,The written feedback (strongly_positive) agrees with the official PASS treatment of the 9/10 score.
s0006,downtown,teller_01,9,"Very satisfied, everything was handled efficiently.",2026-01-13T22:00:00,PASS,True,available,positive,responsiveness,,unknown,consistent_with_official_treatment,100.0,100.0,0.0,gold,gold,False,False,False,The written feedback (positive) agrees with the official PASS treatment of the 9/10 score.
s_chase8,downtown,teller_07,8,Excellent service and took care of all my needs.,2026-02-19T11:00:00,FAIL,True,available,positive,care,,resolved,score_comment_conflict,95.83,92.0,-3.83,gold,silver,True,True,True,"Scorecard interpretation conflict: the score of 8/10 is officially a FAIL — it does not count toward the branch scorecard — but the customer's written feedback is positive (positive), states no service failure, and reports the need resolved. Treating this survey as evidence of poor service is not supported by the survey's own written evidence. This survey moved the branch scorecard from 95.83% (gold) to 92.0% (silver). Human review recommended. This tool does not change scores and does not decide bonuses, promotions, discipline, raises, or performance ratings."
s0012,downtown,teller_02,10,"Perfect visit, fast and courteous.",2026-01-24T16:00:00,PASS,True,available,strongly_positive,professionalism;responsiveness,,unknown,consistent_with_official_treatment,90.91,91.67,0.76,silver,silver,False,False,False,The written feedback (strongly_positive) agrees with the official PASS treatment of the 10/10 score.
s0046,uptown,teller_14,8,"Excellent service, quick and professional.",2026-02-22T12:00:00,FAIL,True,available,strongly_positive,professionalism;responsiveness,,unknown,score_comment_conflict,52.38,50.0,-2.38,none,none,False,True,True,"Scorecard interpretation conflict: the score of 8/10 is officially a FAIL — it does not count toward the branch scorecard — but the customer's written feedback is positive (strongly_positive), states no service failure, and reports the need unknown. Treating this survey as evidence of poor service is not supported by the survey's own written evidence. Human review recommended. This tool does not change scores and does not decide bonuses, promotions, discipline, raises, or performance ratings."
s0056,uptown,teller_14,9,"Perfect visit, fast and courteous.",2026-03-11T12:00:00,PASS,True,available,strongly_positive,professionalism;responsiveness,,unknown,consistent_with_official_treatment,54.84,56.25,1.41,none,none,False,False,False,The written feedback (strongly_positive) agrees with the official PASS treatment of the 9/10 score.
s0032,uptown,teller_12,3,"Awful experience, still waiting for a callback.",2026-01-25T05:00:00,FAIL,True,available,negative,,responsiveness,unresolved,consistent_with_official_treatment,42.86,37.5,-5.36,none,none,False,False,False,The written feedback (negative) agrees with the official FAIL treatment of the 3/10 score.
s0064,uptown,teller_14,10,"Very satisfied, everything was handled efficiently.",2026-03-28T05:00:00,PASS,True,available,positive,responsiveness,,unknown,consistent_with_official_treatment,56.41,57.5,1.09,none,none,False,False,False,The written feedback (positive) agrees with the official PASS treatment of the 10/10 score.
s0051,uptown,teller_14,9,"Excellent service, quick and professional.",2026-03-01T22:00:00,PASS,True,available,strongly_positive,professionalism;responsiveness,,unknown,consistent_with_official_treatment,50.0,51.85,1.85,none,none,False,False,False,The written feedback (strongly_positive) agrees with the official PASS treatment of the 9/10 score.
s0049,uptown,teller_12,6,It was fine.,2026-02-27T19:00:00,FAIL,True,available,neutral,,,unknown,text_inconclusive,54.17,52.0,-2.17,none,none,False,False,False,The written feedback (neutral) gives no strong signal either way about the official FAIL treatment of the 6/10 score.
s_fail2,downtown,teller_02,2,"Nobody helped me, I am still waiting for a callback.",2026-02-20T16:00:00,FAIL,True,available,negative,,care;responsiveness,unresolved,consistent_with_official_treatment,92.31,88.89,-3.42,silver,none,True,False,False,The written feedback (negative) agrees with the official FAIL treatment of the 2/10 score. This survey moved the branch scorecard from 92.31% (silver) to 88.89% (none).
s0060,uptown,teller_14,8,"Excellent service, quick and professional.",2026-03-19T21:00:00,FAIL,True,available,strongly_positive,professionalism;responsiveness,,unknown,score_comment_conflict,57.14,55.56,-1.59,none,none,False,True,True,"Scorecard interpretation conflict: the score of 8/10 is officially a FAIL — it does not count toward the branch scorecard — but the customer's written feedback is positive (strongly_positive), states no service failure, and reports the need unknown. Treating this survey as evidence of poor service is not supported by the survey's own written evidence. Human review recommended. This tool does not change scores and does not decide bonuses, promotions, discipline, raises, or performance ratings."
s0025,uptown,teller_14,10,"Great experience, the teller was friendly and knowledgeable.",2026-01-07T11:00:00,PASS,True,available,strongly_positive,knowledge;professionalism,,unknown,consistent_with_official_treatment,,100.0,,,gold,False,False,False,The written feedback (strongly_positive) agrees with the official PASS treatment of the 10/10 score.
s0039,uptown,teller_13,6,"Excellent service, quick and professional.",2026-02-08T06:00:00,FAIL,True,available,strongly_positive,professionalism;responsiveness,,unknown,score_comment_conflict,50.0,46.67,-3.33,none,none,False,True,True,"Scorecard interpretation conflict: the score of 6/10 is officially a FAIL — it does not count toward the branch scorecard — but the customer's written feedback is positive (strongly_positive), states no service failure, and reports the need unknown. Treating this survey as evidence of poor service is not supported by the survey's own written evidence. Human review recommended. This tool does not change scores and does not decide bonuses, promotions, discipline, raises, or performance ratings."
s_pass10,downtown,teller_01,10,"Great service, quick and professional, very satisfied.",2026-02-20T20:00:00,PASS,True,available,strongly_positive,professionalism;responsiveness,,unknown,consistent_with_official_treatment,88.89,89.29,0.4,none,none,False,False,False,The written feedback (strongly_positive) agrees with the official PASS treatment of the 10/10 score.
s0026,uptown,teller_12,10,"Excellent service, quick and professional.",2026-01-08T17:00:00,PASS,True,available,strongly_positive,professionalism;responsiveness,,unknown,consistent_with_official_treatment,100.0,100.0,0.0,gold,gold,False,False,False,The written feedback (strongly_positive) agrees with the official PASS treatment of the 10/10 score.
s0027,uptown,teller_11,5,"Very disappointed, the teller was confusing and slow.",2026-01-11T18:00:00,FAIL,True,available,negative,,knowledge;responsiveness,unknown,consistent_with_official_treatment,100.0,66.67,-33.33,gold,none,True,False,False,The written feedback (negative) agrees with the official FAIL treatment of the 5/10 score. This survey moved the branch scorecard from 100.0% (gold) to 66.67% (none).
s0003,downtown,teller_01,10,"Excellent service, quick and professional.",2026-01-10T14:00:00,PASS,True,available,strongly_positive,professionalism;responsiveness,,unknown,consistent_with_official_treatment,100.0,100.0,0.0,gold,gold,False,False,False,The written feedback (strongly_positive) agrees with the official PASS treatment of the 10/10 score.
s0062,uptown,teller_13,9,"Perfect visit, fast and courteous.",2026-03-24T01:00:00,PASS,True,available,strongly_positive,professionalism;responsiveness,,unknown,consistent_with_official_treatment,56.76,57.89,1.14,none,none,False,False,False,The written feedback (strongly_positive) agrees with the official PASS treatment of the 9/10 score.
s_rev10,downtown,teller_03,10,"Terrible experience, rude teller, they did not help with my issue at all.",2026-02-19T16:00:00,PASS,True,available,negative,,professionalism,unresolved,score_comment_conflict,92.0,92.31,0.31,silver,silver,False,True,True,"Scorecard interpretation conflict: the score of 10/10 is officially a PASS — it counts toward the branch scorecard — but the customer's written feedback is negative (negative) with stated service failures (professionalism). Counting this survey as evidence of good service is not supported by the survey's own written evidence. Human review recommended. This tool does not change scores and does not decide bonuses, promotions, discipline, raises, or performance ratings."
s0050,uptown,teller_14,8,Average service today.,2026-02-28T20:00:00,FAIL,True,available,neutral,,,unknown,text_inconclusive,52.0,50.0,-2.0,none,none,False,False,False,The written feedback (neutral) gives no strong signal either way about the official FAIL treatment of the 8/10 score.
s0033,uptown,teller_11,5,"Horrible, I was ignored for too long.",2026-01-26T07:00:00,FAIL,True,available,negative,,,unknown,consistent_with_official_treatment,37.5,33.33,-4.17,none,none,False,False,False,The written feedback (negative) agrees with the official FAIL treatment of the 5/10 score.
s0034,uptown,teller_13,9,"Excellent service, quick and professional.",2026-01-29T09:00:00,PASS,True,available,strongly_positive,professionalism;responsiveness,,unknown,consistent_with_official_treatment,33.33,40.0,6.67,none,none,False,False,False,The written feedback (strongly_positive) agrees with the official PASS treatment of the 9/10 score.
s0021,downtown,teller_02,9,"Very satisfied, everything was handled efficiently.",2026-02-09T23:00:00,PASS,True,available,positive,responsiveness,,unknown,consistent_with_official_treatment,95.0,95.24,0.24,gold,gold,False,False,False,The written feedback (positive) agrees with the official PASS treatment of the 9/10 score.
s0022,downtown,teller_02,10,"Wonderful service, all my questions were answered clearly.",2026-02-13T02:00:00,PASS,True,available,positive,knowledge,,unknown,consistent_with_official_treatment,95.24,95.45,0.22,gold,gold,False,False,False,The written feedback (positive) agrees with the official PASS treatment of the 10/10 score.
s0044,uptown,teller_12,9,"Perfect visit, fast and courteous.",2026-02-17T03:00:00,PASS,True,available,strongly_positive,professionalism;responsiveness,,unknown,consistent_with_official_treatment,47.37,50.0,2.63,none,none,False,False,False,The written feedback (strongly_positive) agrees with the official PASS treatment of the 9/10 score.
s0047,uptown,teller_13,10,"Wonderful service, all my questions were answered clearly.",2026-02-24T13:00:00,PASS,True,available,positive,knowledge,,unknown,consistent_with_official_treatment,50.0,52.17,2.17,none,none,False,False,False,The written feedback (positive) agrees with the official PASS treatment of the 10/10 score.
s0053,uptown,teller_14,4,Rude service and my issue was never resolved.,2026-03-06T04:00:00,FAIL,True,available,mixed,professionalism;resolution,professionalism;resolution,unresolved,text_inconclusive,53.57,51.72,-1.85,none,none,False,False,False,The written feedback (mixed) gives no strong signal either way about the official FAIL treatment of the 4/10 score.
s0057,uptown,teller_11,9,"Excellent service, quick and professional.",2026-03-12T13:00:00,PASS,True,available,strongly_positive,professionalism;responsiveness,,unknown,consistent_with_official_treatment,56.25,57.58,1.33,none,none,False,False,False,The written feedback (strongly_positive) agrees with the official PASS treatment of the 9/10 score.
s0048,uptown,teller_11,9,"Excellent service, quick and professional.",2026-02-26T16:00:00,PASS,True,available,strongly_positive,professionalism;responsiveness,,unknown,consistent_with_official_treatment,52.17,54.17,1.99,none,none,False,False,False,The written feedback (strongly_positive) agrees with the official PASS treatment of the 9/10 score.
s0018,downtown,teller_05,10,"Very satisfied, everything was handled efficiently.",2026-02-06T11:00:00,PASS,True,available,positive,responsiveness,,unknown,consistent_with_official_treatment,94.12,94.44,0.33,silver,silver,False,False,False,The written feedback (positive) agrees with the official PASS treatment of the 10/10 score.
s0059,uptown,teller_11,8,"Standard visit, nothing special.",2026-03-18T21:00:00,FAIL,True,available,neutral,,,unknown,text_inconclusive,58.82,57.14,-1.68,none,none,False,False,False,The written feedback (neutral) gives no strong signal either way about the official FAIL treatment of the 8/10 score.
s0042,uptown,teller_11,10,"Great experience, the teller was friendly and knowledgeable.",2026-02-14T16:00:00,PASS,True,available,strongly_positive,knowledge;professionalism,,unknown,consistent_with_official_treatment,47.06,50.0,2.94,none,none,False,False,False,The written feedback (strongly_positive) agrees with the official PASS treatment of the 10/10 score.
s0008,downtown,teller_01,7,"Awful experience, still waiting for a callback.",2026-01-16T04:00:00,FAIL,True,available,negative,,responsiveness,unresolved,consistent_with_official_treatment,100.0,87.5,-12.5,gold,none,True,False,False,The written feedback (negative) agrees with the official FAIL treatment of the 7/10 score. This survey moved the branch scorecard from 100.0% (gold) to 87.5% (none).
s0055,uptown,teller_13,10,"Wonderful service, all my questions were answered clearly.",2026-03-09T10:00:00,PASS,True,available,positive,knowledge,,unknown,consistent_with_official_treatment,53.33,54.84,1.51,none,none,False,False,False,The written feedback (positive) agrees with the official PASS treatment of the 10/10 score.
s0061,uptown,teller_11,10,"Perfect visit, fast and courteous.",2026-03-21T01:00:00,PASS,True,available,strongly_positive,professionalism;responsiveness,,unknown,consistent_with_official_treatment,55.56,56.76,1.2,none,none,False,False,False,The written feedback (strongly_positive) agrees with the official PASS treatment of the 10/10 score.
s0007,downtown,teller_03,10,"Very satisfied, everything was handled efficiently.",2026-01-15T03:00:00,PASS,True,available,positive,responsiveness,,unknown,consistent_with_official_treatment,100.0,100.0,0.0,gold,gold,False,False,False,The written feedback (positive) agrees with the official PASS treatment of the 10/10 score.
s0043,uptown,teller_11,7,"Excellent service, quick and professional.",2026-02-15T21:00:00,FAIL,True,available,strongly_positive,professionalism;responsiveness,,unknown,score_comment_conflict,50.0,47.37,-2.63,none,none,False,True,True,"Scorecard interpretation conflict: the score of 7/10 is officially a FAIL — it does not count toward the branch scorecard — but the customer's written feedback is positive (strongly_positive), states no service failure, and reports the need unknown. Treating this survey as evidence of poor service is not supported by the survey's own written evidence. Human review recommended. This tool does not change scores and does not decide bonuses, promotions, discipline, raises, or performance ratings."
s0031,uptown,teller_12,1,"Awful experience, still waiting for a callback.",2026-01-22T05:00:00,FAIL,True,available,negative,,responsiveness,unresolved,consistent_with_official_treatment,50.0,42.86,-7.14,none,none,False,False,False,The written feedback (negative) agrees with the official FAIL treatment of the 1/10 score.
s0038,uptown,teller_12,3,"Very disappointed, the teller was confusing and slow.",2026-02-05T00:00:00,FAIL,True,available,negative,,knowledge;responsiveness,unknown,consistent_with_official_treatment,53.85,50.0,-3.85,none,none,False,False,False,The written feedback (negative) agrees with the official FAIL treatment of the 3/10 score.
s0001,downtown,teller_02,9,"Very satisfied, everything was handled efficiently.",2026-01-08T09:00:00,PASS,True,available,positive,responsiveness,,unknown,consistent_with_official_treatment,,100.0,,,gold,False,False,False,The written feedback (positive) agrees with the official PASS treatment of the 9/10 score.
s0029,uptown,teller_13,2,"Terrible wait, nobody helped me.",2026-01-17T03:00:00,FAIL,True,available,negative,,care;responsiveness,unknown,consistent_with_official_treatment,50.0,40.0,-10.0,none,none,False,False,False,The written feedback (negative) agrees with the official FAIL treatment of the 2/10 score.
s0037,uptown,teller_12,9,"Perfect visit, fast and courteous.",2026-02-02T20:00:00,PASS,True,available,strongly_positive,professionalism;responsiveness,,unknown,consistent_with_official_treatment,50.0,53.85,3.85,none,none,False,False,False,The written feedback (strongly_positive) agrees with the official PASS treatment of the 9/10 score.
s0035,uptown,teller_11,10,"Perfect visit, fast and courteous.",2026-01-31T10:00:00,PASS,True,available,strongly_positive,professionalism;responsiveness,,unknown,consistent_with_official_treatment,40.0,45.45,5.45,none,none,False,False,False,The written feedback (strongly_positive) agrees with the official PASS treatment of the 10/10 score.
s0020,downtown,teller_03,10,"Wonderful service, all my questions were answered clearly.",2026-02-08T22:00:00,PASS,True,available,positive,knowledge,,unknown,consistent_with_official_treatment,94.74,95.0,0.26,silver,gold,True,False,False,The written feedback (positive) agrees with the official PASS treatment of the 10/10 score. This survey moved the branch scorecard from 94.74% (silver) to 95.0% (gold).
s0041,uptown,teller_11,10,"Very satisfied, everything was handled efficiently.",2026-02-11T12:00:00,PASS,True,available,positive,responsiveness,,unknown,consistent_with_official_treatment,43.75,47.06,3.31,none,none,False,False,False,The written feedback (positive) agrees with the official PASS treatment of the 10/10 score.
s0058,uptown,teller_14,10,"Perfect visit, fast and courteous.",2026-03-15T15:00:00,PASS,True,available,strongly_positive,professionalism;responsiveness,,unknown,consistent_with_official_treatment,57.58,58.82,1.25,none,none,False,False,False,The written feedback (strongly_positive) agrees with the official PASS treatment of the 10/10 score.
s_empty8,downtown,teller_04,8,,2026-02-21T20:00:00,FAIL,False,unavailable,,,,unknown,insufficient_text_evidence,89.29,86.21,-3.08,none,none,False,False,False,"No usable written feedback accompanied this survey, so the official FAIL treatment cannot be cross-checked against the customer's own words. A blank comment is not evidence of poor service."
s0011,downtown,teller_03,9,"Perfect visit, fast and courteous.",2026-01-21T12:00:00,PASS,True,available,strongly_positive,professionalism;responsiveness,,unknown,consistent_with_official_treatment,90.0,90.91,0.91,silver,silver,False,False,False,The written feedback (strongly_positive) agrees with the official PASS treatment of the 9/10 score.
s0019,downtown,teller_02,10,"Excellent service, quick and professional.",2026-02-07T16:00:00,PASS,True,available,strongly_positive,professionalism;responsiveness,,unknown,consistent_with_official_treatment,94.44,94.74,0.29,silver,silver,False,False,False,The written feedback (strongly_positive) agrees with the official PASS treatment of the 10/10 score.
s0024,downtown,teller_05,9,"Wonderful service, all my questions were answered clearly.",2026-02-17T08:00:00,PASS,True,available,positive,knowledge,,unknown,consistent_with_official_treatment,95.65,95.83,0.18,gold,gold,False,False,False,The written feedback (positive) agrees with the official PASS treatment of the 9/10 score.
s0016,downtown,teller_01,9,"Very satisfied, everything was handled efficiently.",2026-02-02T03:00:00,PASS,True,available,positive,responsiveness,,unknown,consistent_with_official_treatment,93.33,93.75,0.42,silver,silver,False,False,False,The written feedback (positive) agrees with the official PASS treatment of the 9/10 score.
s0005,downtown,teller_04,9,"Perfect visit, fast and courteous.",2026-01-12T19:00:00,PASS,True,available,strongly_positive,professionalism;responsiveness,,unknown,consistent_with_official_treatment,100.0,100.0,0.0,gold,gold,False,False,False,The written feedback (strongly_positive) agrees with the official PASS treatment of the 9/10 score.
s0052,uptown,teller_11,10,"Perfect visit, fast and courteous.",2026-03-04T22:00:00,PASS,True,available,strongly_positive,professionalism;responsiveness,,unknown,consistent_with_official_treatment,51.85,53.57,1.72,none,none,False,False,False,The written feedback (strongly_positive) agrees with the official PASS treatment of the 10/10 score.
s0023,downtown,teller_05,9,"Perfect visit, fast and courteous.",2026-02-15T03:00:00,PASS,True,available,strongly_positive,professionalism;responsiveness,,unknown,consistent_with_official_treatment,95.45,95.65,0.2,gold,gold,False,False,False,The written feedback (strongly_positive) agrees with the official PASS treatment of the 9/10 score.
s0009,downtown,teller_03,9,"Very satisfied, everything was handled efficiently.",2026-01-17T07:00:00,PASS,True,available,positive,responsiveness,,unknown,consistent_with_official_treatment,87.5,88.89,1.39,none,none,False,False,False,The written feedback (positive) agrees with the official PASS treatment of the 9/10 score.
s0017,downtown,teller_02,9,"Perfect visit, fast and courteous.",2026-02-05T08:00:00,PASS,True,available,strongly_positive,professionalism;responsiveness,,unknown,consistent_with_official_treatment,93.75,94.12,0.37,silver,silver,False,False,False,The written feedback (strongly_positive) agrees with the official PASS treatment of the 9/10 score.
s0028,uptown,teller_13,8,"Perfect visit, fast and courteous.",2026-01-13T21:00:00,FAIL,True,available,strongly_positive,professionalism;responsiveness,,unknown,score_comment_conflict,66.67,50.0,-16.67,none,none,False,True,True,"Scorecard interpretation conflict: the score of 8/10 is officially a FAIL — it does not count toward the branch scorecard — but the customer's written feedback is positive (strongly_positive), states no service failure, and reports the need unknown. Treating this survey as evidence of poor service is not supported by the survey's own written evidence. Human review recommended. This tool does not change scores and does not decide bonuses, promotions, discipline, raises, or performance ratings."
s0014,downtown,teller_04,9,"Excellent service, quick and professional.",2026-01-28T22:00:00,PASS,True,available,strongly_positive,professionalism;responsiveness,,unknown,consistent_with_official_treatment,92.31,92.86,0.55,silver,silver,False,False,False,The written feedback (strongly_positive) agrees with the official PASS treatment of the 9/10 score.
s0030,uptown,teller_12,10,"Wonderful service, all my questions were answered clearly.",2026-01-20T05:00:00,PASS,True,available,positive,knowledge,,unknown,consistent_with_official_treatment,40.0,50.0,10.0,none,none,False,False,False,The written feedback (positive) agrees with the official PASS treatment of the 10/10 score.
s0063,uptown,teller_12,7,"Very satisfied, everything was handled efficiently.",2026-03-26T02:00:00,FAIL,True,available,positive,responsiveness,,unknown,score_comment_conflict,57.89,56.41,-1.48,none,none,False,True,True,"Scorecard interpretation conflict: the score of 7/10 is officially a FAIL — it does not count toward the branch scorecard — but the customer's written feedback is positive (positive), states no service failure, and reports the need unknown. Treating this survey as evidence of poor service is not supported by the survey's own written evidence. Human review recommended. This tool does not change scores and does not decide bonuses, promotions, discipline, raises, or performance ratings."
s0013,downtown,teller_03,9,"Great experience, the teller was friendly and knowledgeable.",2026-01-27T16:00:00,PASS,True,available,strongly_positive,knowledge;professionalism,,unknown,consistent_with_official_treatment,91.67,92.31,0.64,silver,silver,False,False,False,The written feedback (strongly_positive) agrees with the official PASS treatment of the 9/10 score.
s0054,uptown,teller_11,10,"Wonderful service, all my questions were answered clearly.",2026-03-08T07:00:00,PASS,True,available,positive,knowledge,,unknown,consistent_with_official_treatment,51.72,53.33,1.61,none,none,False,False,False,The written feedback (positive) agrees with the official PASS treatment of the 10/10 score.
s0002,downtown,teller_05,10,"Excellent service, quick and professional.",2026-01-09T10:00:00,PASS,True,available,strongly_positive,professionalism;responsiveness,,unknown,consistent_with_official_treatment,100.0,100.0,0.0,gold,gold,False,False,False,The written feedback (strongly_positive) agrees with the official PASS treatment of the 10/10 score.
s0010,downtown,teller_05,9,"Wonderful service, all my questions were answered clearly.",2026-01-20T09:00:00,PASS,True,available,positive,knowledge,,unknown,consistent_with_official_treatment,88.89,90.0,1.11,none,silver,True,False,False,The written feedback (positive) agrees with the official PASS treatment of the 9/10 score. This survey moved the branch scorecard from 88.89% (none) to 90.0% (silver).
s0036,uptown,teller_12,9,"Excellent service, quick and professional.",2026-02-01T15:00:00,PASS,True,available,strongly_positive,professionalism;responsiveness,,unknown,consistent_with_official_treatment,45.45,50.0,4.55,none,none,False,False,False,The written feedback (strongly_positive) agrees with the official PASS treatment of the 9/10 score.
